,1,2,3,4,5,6,7,8,9,10,11,12,13,14,15,16,17,18
1,20.5,18.5,17.2,39.2,21.1,35.9,24.3,53.4,40.2,44.6,73.7,112.1,27.9,38.3,77.2,48.1,58.1,63.8
2,11.2,9.3,9.4,33.3,17.6,18.9,11.6,22.2,18.8,20.1,29.2,30.7,14.9,19.2,23.7,20.2,16.1,23.2
3,10.9,9.1,9.2,33,17.5,18.4,11.3,21.5,18.2,19.5,28.1,29.1,14.6,18.7,22.7,19.5,15.3,22.3
4,12.1,10.3,10.2,34,18.1,20.7,12.9,25.1,20.9,22.4,33.1,36.7,16.3,21.1,27.9,22.8,19.2,26.7
5,14.8,12.8,12.5,35.9,19.2,25.5,16.4,33.5,26.8,29.1,45,56.2,20,26.5,41.2,30.3,29.3,37.2
6,11.8,9.9,9.9,33.8,17.9,20.1,12.4,24.1,20.2,21.6,31.8,34.6,15.8,20.4,26.5,21.9,18.1,25.5
7,13.3,11.4,11.2,34.9,18.6,22.7,14.4,28.6,23.4,25.2,38.1,44.5,17.9,23.4,33.3,25.9,23.3,31
8,15.1,13.2,12.7,36.1,19.3,26.1,16.9,34.6,27.6,30,46.6,58.9,20.5,27.2,43,31.3,30.8,38.6
9,16,14,13.4,36.7,19.6,27.7,18,37.4,29.5,32.2,50.6,66.2,21.6,28.9,47.8,33.8,34.5,42.3
10,16.2,14.2,13.6,36.8,19.7,28.1,18.3,38.2,30,32.8,51.7,68.2,21.9,29.4,49.1,34.5,35.5,43.3
11,17.5,15.5,14.7,37.6,20.2,30.5,20.2,42.8,33.1,36.4,58.3,80.7,23.8,32.2,57.2,38.6,42,49.4
12,18.1,16.1,15.2,37.9,20.4,31.5,21,44.7,34.5,37.9,61.1,86.1,24.6,33.3,60.8,40.3,44.8,52
13,19.6,17.6,16.5,38.8,20.9,34.4,23.2,50.3,38.2,42.2,69.3,102.7,26.7,36.6,71.3,45.3,53.3,59.6
14,13.8,11.8,11.6,35.2,18.8,23.6,15,30.1,24.5,26.5,40.2,48,18.5,24.4,35.7,27.3,25.1,33
15,21.8,19.8,18.3,39.9,21.5,38.4,26.3,58.5,43.5,48.4,81.2,128.3,29.7,41.2,87.3,52.6,66.5,70.9
16,13.6,11.6,11.4,35.1,18.7,23.3,14.8,29.5,24,26,39.4,46.7,18.3,24,34.8,26.8,24.4,32.2
17,13.1,11.2,11.1,34.8,18.5,22.5,14.2,28.2,23.1,24.9,37.5,43.5,17.7,23.1,32.6,25.6,22.8,30.5
18,25.6,23.8,21.5,41.7,22.6,45.6,32,73.9,53.3,59.9,104.1,181.4,35.1,49.6,119.6,66.3,93.7,92.9
19,12.7,10.8,10.7,34.5,18.3,21.7,13.6,26.9,22.2,23.9,35.7,40.6,17.1,22.3,30.6,24.4,21.3,28.9
20,12.7,10.8,10.7,34.4,18.3,21.7,13.6,26.8,22.1,23.8,35.6,40.5,17.1,22.2,30.5,24.3,21.2,28.8
21,20.1,18.1,16.9,39,21,35.3,23.8,52.1,39.3,43.6,71.8,108,27.4,37.6,74.7,46.9,56.1,62
22,12.8,10.9,10.7,34.5,18.3,21.8,13.7,27,22.3,24,35.8,40.9,17.2,22.4,30.9,24.5,21.4,29.1
23,20.4,18.4,17.1,39.1,21.1,35.7,24.2,53,39.9,44.3,73.2,110.8,27.7,38.1,76.4,47.7,57.5,63.2
24,12.7,10.8,10.7,34.4,18.3,21.7,13.6,26.8,22.1,23.8,35.6,40.5,17.1,22.2,30.5,24.3,21.2,28.8
25,19.3,17.3,16.2,38.6,20.8,33.8,22.7,49.1,37.4,41.3,67.5,99,26.2,35.9,68.9,44.2,51.4,57.9
26,12.3,10.4,10.3,34.1,18.1,20.9,13.1,25.5,21.2,22.8,33.8,37.6,16.5,21.4,28.6,23.2,19.7,27.2
27,18.9,16.8,15.8,38.3,20.6,32.9,22,47.4,36.3,40,65,94,25.6,34.9,65.8,42.8,48.9,55.6
28,11.2,9.4,9.4,33.3,17.7,19,11.7,22.5,19,20.3,29.5,31.1,15,19.3,24,20.4,16.3,23.5
29,11.9,10,10,33.8,17.9,20.2,12.5,24.3,20.3,21.8,32,35,15.9,20.6,26.7,22.1,18.3,25.7
30,10.2,8.4,8.6,32.5,17.2,17.2,10.4,19.6,16.8,17.9,25.5,25.4,13.6,17.3,20,17.8,13.3,20
31,14.2,12.2,11.9,35.5,18.9,24.4,15.6,31.5,25.4,27.6,42.2,51.3,19.1,25.2,37.9,28.5,26.8,34.7
32,11.2,9.3,9.4,33.3,17.6,18.9,11.6,22.2,18.8,20.1,29.2,30.7,14.9,19.2,23.7,20.2,16.1,23.2
33,11.2,9.3,9.4,33.3,17.6,18.9,11.6,22.2,18.8,20.1,29.2,30.7,14.9,19.2,23.7,20.2,16.1,23.2
34,11,9.2,9.3,33.1,17.6,18.7,11.4,21.9,18.5,19.8,28.6,29.9,14.8,18.9,23.2,19.9,15.7,22.8
35,11.3,9.5,9.5,33.4,17.7,19.2,11.8,22.7,19.1,20.4,29.8,31.6,15.2,19.5,24.4,20.6,16.6,23.8
36,11.6,9.7,9.7,33.6,17.8,19.7,12.2,23.5,19.7,21.1,30.9,33.2,15.5,20,25.5,21.3,17.4,24.7
37,14.2,12.2,11.9,35.5,18.9,24.3,15.6,31.4,25.4,27.5,42,51.1,19.1,25.2,37.8,28.5,26.7,34.6
38,10.9,9.1,9.2,33.1,17.5,18.5,11.3,21.6,18.3,19.5,28.3,29.3,14.6,18.7,22.8,19.6,15.4,22.4
39,16.2,14.2,13.6,36.8,19.7,28.1,18.3,38.2,30,32.8,51.7,68.2,21.9,29.4,49.1,34.5,35.5,43.3
40,13,11.1,10.9,34.6,18.4,22.2,14,27.6,22.7,24.5,36.7,42.3,17.4,22.8,31.8,25.1,22.1,29.8
41,11.9,10.1,10,33.9,18,20.3,12.6,24.5,20.4,21.9,32.3,35.3,16,20.7,27,22.2,18.5,25.9
42,19.2,17.2,16.2,38.5,20.8,33.7,22.6,48.9,37.2,41.1,67.1,98.3,26.2,35.7,68.5,44,51,57.6
43,12.3,10.5,10.4,34.2,18.2,21,13.1,25.7,21.3,22.9,34,38,16.6,21.5,28.9,23.4,19.9,27.5
44,12.1,10.2,10.2,34,18,20.6,12.8,25,20.8,22.3,33,36.4,16.2,21,27.7,22.7,19.1,26.5
45,12.5,10.6,10.5,34.3,18.2,21.4,13.4,26.3,21.7,23.4,34.8,39.3,16.8,21.9,29.7,23.9,20.6,28.2
46,11.4,9.5,9.6,33.4,17.7,19.3,11.9,22.9,19.2,20.6,30,31.9,15.2,19.6,24.6,20.8,16.8,24
47,13,11.1,10.9,34.6,18.4,22.2,14,27.6,22.7,24.5,36.7,42.3,17.4,22.8,31.8,25.1,22.1,29.8
48,11.8,9.9,9.9,33.8,17.9,20.1,12.4,24.1,20.2,21.6,31.8,34.6,15.8,20.4,26.5,21.9,18.1,25.5
49,13.6,11.6,11.4,35.1,18.7,23.3,14.8,29.5,24,26,39.4,46.7,18.3,24,34.8,26.8,24.4,32.2
50,13.1,11.2,11,34.7,18.5,22.4,14.1,28.1,23,24.8,37.3,43.2,17.6,23,32.4,25.4,22.6,30.3
51,11.6,9.8,9.8,33.6,17.8,19.7,12.2,23.6,19.8,21.2,31,33.5,15.6,20.1,25.7,21.4,17.6,24.9
52,12.5,10.6,10.5,34.3,18.2,21.3,13.4,26.2,21.7,23.3,34.7,39.2,16.8,21.8,29.6,23.8,20.5,28.1
53,12.8,10.9,10.8,34.5,18.4,21.8,13.7,27.1,22.3,24,35.9,41.1,17.2,22.4,31,24.6,21.5,29.2
54,12.9,11,10.8,34.6,18.4,22,13.8,27.4,22.5,24.2,36.3,41.7,17.3,22.6,31.4,24.8,21.8,29.5
55,14.4,12.4,12.1,35.6,19,24.7,15.8,32,25.8,28,42.9,52.6,19.4,25.6,38.8,29,27.5,35.4
56,11.9,10.1,10,33.9,18,20.3,12.6,24.5,20.4,21.9,32.3,35.3,16,20.7,27,22.2,18.5,25.9
57,13.2,11.3,11.1,34.8,18.5,22.6,14.3,28.4,23.2,25.1,37.8,44,17.8,23.3,33,25.7,23,30.8
58,14.1,12.2,11.9,35.4,18.9,24.3,15.5,31.3,25.3,27.4,41.8,50.7,19,25.1,37.5,28.3,26.5,34.4
59,14,12.1,11.8,35.4,18.9,24,15.3,30.9,25,27.1,41.3,49.8,18.9,24.9,36.9,28,26,33.9
60,13.1,11.2,11,34.7,18.5,22.4,14.1,28,22.9,24.7,37.2,43.1,17.6,23,32.3,25.4,22.5,30.3
61,11.8,10,10,33.8,17.9,20.1,12.5,24.3,20.3,21.7,32,34.8,15.9,20.5,26.7,22,18.3,25.7
62,13,11.1,10.9,34.7,18.4,22.2,14,27.8,22.8,24.6,36.9,42.6,17.5,22.9,32,25.2,22.3,30
63,12.4,10.5,10.4,34.2,18.2,21.1,13.2,25.9,21.5,23.1,34.3,38.4,16.7,21.6,29.2,23.5,20.2,27.7
64,13.5,11.6,11.4,35,18.7,23.2,14.7,29.4,23.9,25.9,39.2,46.3,18.2,23.9,34.5,26.6,24.2,32
65,14.6,12.6,12.3,35.8,19.1,25.2,16.1,32.8,26.4,28.6,44.1,54.6,19.7,26.1,40.1,29.7,28.5,36.4
66,16.4,14.4,13.7,36.9,19.8,28.3,18.5,38.7,30.4,33.2,52.4,69.5,22.1,29.7,49.9,34.9,36.2,43.9
67,13.9,11.9,11.7,35.3,18.8,23.8,15.1,30.4,24.7,26.7,40.6,48.7,18.7,24.6,36.2,27.6,25.5,33.3
68,13,11.1,10.9,34.6,18.4,22.2,14,27.7,22.7,24.5,36.8,42.4,17.5,22.8,31.9,25.1,22.2,29.9
69,25.3,23.4,21.2,41.5,22.5,45,31.5,72.5,52.4,58.9,102,176.2,34.6,48.8,116.5,65,91,90.8
70,13.8,11.8,11.6,35.2,18.8,23.7,15,30.2,24.5,26.5,40.3,48.2,18.6,24.4,35.8,27.4,25.2,33
71,14.8,12.8,12.4,35.9,19.2,25.5,16.4,33.4,26.8,29.1,44.9,56,20,26.5,41.1,30.2,29.2,37.1
72,13.9,11.9,11.7,35.3,18.8,23.8,15.2,30.5,24.7,26.8,40.7,48.9,18.7,24.6,36.3,27.6,25.6,33.4
73,11.8,9.9,9.9,33.7,17.9,20,12.4,24,20.1,21.5,31.6,34.3,15.8,20.4,26.3,21.8,18,25.4
74,13.9,11.9,11.7,35.3,18.8,23.8,15.2,30.5,24.7,26.8,40.7,48.9,18.7,24.6,36.3,27.6,25.6,33.4
75,13.2,11.3,11.1,34.8,18.5,22.6,14.3,28.4,23.2,25.1,37.8,44,17.8,23.3,33,25.7,23,30.8
76,11,9.2,9.3,33.1,17.5,18.6,11.4,21.8,18.5,19.7,28.6,29.8,14.7,18.9,23.1,19.8,15.6,22.7
77,13.8,11.8,11.6,35.2,18.8,23.7,15,30.2,24.5,26.5,40.3,48.2,18.6,24.4,35.8,27.4,25.2,33
78,16.6,14.6,14,37.1,19.9,28.9,18.9,39.6,31,34,53.7,72,22.5,30.3,51.6,35.8,37.5,45.2
79,12.9,10.9,10.8,34.6,18.4,22,13.8,27.3,22.4,24.2,36.2,41.5,17.3,22.5,31.3,24.8,21.7,29.4
80,13.3,11.4,11.2,34.9,18.6,22.8,14.4,28.8,23.5,25.4,38.3,44.8,17.9,23.5,33.5,26.1,23.5,31.2
81,12.1,10.2,10.2,34,18.1,20.6,12.8,25,20.8,22.4,33.1,36.5,16.3,21.1,27.8,22.7,19.2,26.6
82,11.4,9.6,9.6,33.5,17.8,19.4,12,23.1,19.4,20.8,30.3,32.4,15.3,19.7,24.9,21,17,24.2
83,13.3,11.4,11.2,34.9,18.6,22.8,14.4,28.8,23.5,25.4,38.3,44.8,17.9,23.5,33.5,26.1,23.5,31.2
84,13.4,11.5,11.3,35,18.6,23,14.6,29.1,23.7,25.6,38.8,45.6,18.1,23.7,34.1,26.4,23.9,31.7
85,13.7,11.7,11.5,35.1,18.7,23.4,14.9,29.8,24.2,26.2,39.8,47.3,18.4,24.2,35.2,27,24.8,32.6
86,17.3,15.3,14.6,37.5,20.1,30.1,19.9,42,32.7,35.8,57.2,78.6,23.5,31.7,55.9,37.9,40.9,48.4
87,14.3,12.3,12,35.5,19,24.5,15.7,31.7,25.6,27.7,42.5,51.9,19.2,25.4,38.3,28.7,27.1,35
88,11.9,10.1,10,33.9,18,20.3,12.6,24.5,20.4,21.9,32.3,35.3,16,20.7,27,22.2,18.5,25.9
89,15.3,13.3,12.8,36.2,19.4,26.4,17,35,27.9,30.4,47.2,60,20.6,27.5,43.7,31.7,31.3,39.2
90,13.2,11.3,11.1,34.8,18.5,22.6,14.3,28.5,23.3,25.1,37.9,44.2,17.8,23.3,33.1,25.8,23.1,30.9
91,14.7,12.8,12.4,35.9,19.2,25.4,16.3,33.3,26.6,29,44.6,55.6,19.9,26.3,40.8,30.1,29,36.9
92,16,14,13.5,36.7,19.6,27.7,18.1,37.5,29.6,32.3,50.7,66.5,21.7,29,48,33.9,34.7,42.5
93,16,14,13.4,36.6,19.6,27.6,18,37.3,29.5,32.2,50.5,66,21.6,28.9,47.7,33.8,34.4,42.2
94,12.6,10.7,10.6,34.4,18.3,21.5,13.5,26.6,21.9,23.6,35.2,39.9,17,22.1,30.1,24.1,20.9,28.5
95,13.5,11.6,11.3,35,18.6,23.1,14.6,29.3,23.8,25.8,39,46,18.2,23.8,34.3,26.5,24.1,31.8
96,13.6,11.6,11.4,35.1,18.7,23.2,14.7,29.5,24,25.9,39.3,46.5,18.3,23.9,34.7,26.7,24.3,32.1
97,15.5,13.6,13.1,36.4,19.5,26.8,17.4,35.9,28.5,31,48.4,62.2,21,28,45.2,32.5,32.5,40.3
98,11.8,10,9.9,33.8,17.9,20.1,12.5,24.2,20.2,21.7,31.9,34.7,15.9,20.5,26.6,22,18.2,25.6
99,14.3,12.4,12,35.6,19,24.6,15.7,31.9,25.7,27.9,42.7,52.2,19.3,25.5,38.5,28.9,27.3,35.2
100,17,15,14.3,37.3,20,29.5,19.4,40.8,31.8,34.9,55.5,75.3,23,31,53.7,36.8,39.2,46.8
101,14.9,12.9,12.5,35.9,19.2,25.6,16.5,33.7,26.9,29.3,45.2,56.6,20.1,26.6,41.5,30.5,29.6,37.5
102,12.4,10.5,10.4,34.2,18.2,21.1,13.2,25.8,21.4,23,34.1,38.2,16.6,21.6,29,23.4,20,27.5
103,14,12.1,11.8,35.4,18.9,24.1,15.4,31,25.1,27.2,41.5,50.2,18.9,24.9,37.2,28.1,26.2,34.1
104,18.6,16.6,15.7,38.2,20.6,32.5,21.7,46.6,35.7,39.4,63.9,91.7,25.3,34.4,64.3,42,47.6,54.5
105,14.7,12.7,12.3,35.8,19.1,25.2,16.2,33,26.5,28.8,44.3,55,19.8,26.2,40.4,29.9,28.7,36.6
106,17.4,15.4,14.6,37.5,20.1,30.3,20,42.2,32.8,36,57.5,79.2,23.6,31.8,56.3,38.1,41.2,48.7
107,14.1,12.1,11.9,35.4,18.9,24.2,15.5,31.2,25.2,27.3,41.7,50.6,19,25,37.4,28.2,26.4,34.3
108,16.5,14.5,13.9,37,19.8,28.6,18.7,39.1,30.7,33.6,53.1,70.7,22.3,30,50.8,35.4,36.9,44.6
109,15.6,13.6,13.1,36.4,19.5,26.9,17.4,36,28.5,31.1,48.5,62.5,21,28,45.4,32.5,32.6,40.4
110,13.6,11.6,11.4,35.1,18.7,23.3,14.8,29.5,24,26,39.4,46.7,18.3,24,34.8,26.8,24.4,32.2
111,15.6,13.7,13.2,36.4,19.5,27,17.5,36.3,28.7,31.3,48.9,63.2,21.2,28.2,45.8,32.8,33,40.8
112,15,13.1,12.6,36.1,19.3,25.9,16.7,34.3,27.3,29.7,46.1,58.1,20.3,27,42.4,31,30.3,38.2
113,15.5,13.5,13,36.3,19.4,26.7,17.3,35.6,28.3,30.8,48,61.6,20.9,27.8,44.8,32.2,32.1,40
114,17.6,15.6,14.8,37.6,20.2,30.6,20.2,42.9,33.2,36.5,58.4,81,23.8,32.2,57.4,38.7,42.1,49.5
115,17.2,15.2,14.4,37.4,20.1,29.9,19.7,41.5,32.3,35.4,56.5,77.2,23.3,31.4,55,37.5,40.2,47.7
116,17.8,15.7,14.9,37.7,20.3,30.9,20.5,43.5,33.6,37,59.4,82.8,24.1,32.6,58.6,39.3,43.1,50.4
117,12.5,10.6,10.5,34.3,18.2,21.4,13.4,26.3,21.7,23.4,34.8,39.3,16.8,21.9,29.7,23.9,20.6,28.2
118,15.3,13.3,12.8,36.2,19.4,26.4,17,35,27.9,30.4,47.2,60,20.6,27.5,43.7,31.7,31.3,39.2
119,14.1,12.2,11.9,35.4,18.9,24.3,15.5,31.3,25.3,27.4,41.8,50.7,19,25.1,37.5,28.3,26.5,34.4
120,15.3,13.3,12.8,36.2,19.4,26.4,17,35,27.9,30.4,47.2,60,20.6,27.5,43.7,31.7,31.3,39.2
121,15.7,13.7,13.2,36.5,19.5,27.2,17.7,36.5,28.9,31.5,49.3,63.9,21.3,28.4,46.3,33,33.3,41.1
122,15.6,13.6,13.1,36.4,19.5,26.9,17.5,36.1,28.6,31.2,48.7,62.7,21.1,28.1,45.5,32.6,32.7,40.6
123,15.2,13.2,12.8,36.2,19.3,26.2,16.9,34.8,27.7,30.1,46.8,59.4,20.5,27.3,43.3,31.4,31,38.9
124,15.9,13.9,13.4,36.6,19.6,27.5,17.9,37.1,29.3,32,50.1,65.3,21.5,28.7,47.2,33.5,34,41.9
125,14.8,12.8,12.4,35.9,19.2,25.5,16.4,33.4,26.8,29.1,44.9,56,20,26.5,41.1,30.2,29.2,37.1
126,17.9,15.9,15.1,37.8,20.3,31.3,20.7,44.2,34.1,37.5,60.3,84.6,24.3,33,59.8,39.8,44,51.2
127,15.6,13.7,13.2,36.4,19.5,27,17.5,36.3,28.7,31.3,48.9,63.2,21.2,28.2,45.8,32.8,33,40.8
128,12.9,11,10.9,34.6,18.4,22.1,13.9,27.6,22.6,24.4,36.6,42.1,17.4,22.7,31.7,25,22.1,29.7
129,16.7,14.7,14.1,37.1,19.9,29,19,39.9,31.2,34.2,54.2,72.8,22.7,30.4,52.1,36,37.9,45.6
130,13.7,11.7,11.5,35.1,18.7,23.4,14.9,29.8,24.2,26.2,39.8,47.3,18.4,24.2,35.2,27,24.8,32.6
131,13,11.1,10.9,34.6,18.4,22.2,14,27.7,22.7,24.5,36.8,42.4,17.5,22.8,31.9,25.1,22.2,29.9
132,22.4,20.4,18.8,40.1,21.7,39.5,27.1,60.7,44.9,50.1,84.5,135.5,30.5,42.4,91.7,54.6,70.2,73.9
133,16.4,14.4,13.8,36.9,19.8,28.4,18.6,38.7,30.4,33.3,52.5,69.7,22.2,29.7,50.1,35,36.3,44.1
134,15,13.1,12.6,36.1,19.3,25.9,16.7,34.3,27.3,29.7,46.1,58.1,20.3,27,42.4,31,30.3,38.2
135,,,,,,,,,,,,,,,,,,
136,18.7,16.7,15.7,38.3,20.6,32.7,21.8,47,36,39.6,64.4,92.7,25.4,34.6,64.9,42.3,48.2,55
137,17.2,15.2,14.5,37.4,20.1,29.9,19.7,41.6,32.4,35.5,56.6,77.5,23.3,31.5,55.2,37.6,40.3,47.8
138,15.7,13.7,13.2,36.5,19.5,27.2,17.7,36.5,28.9,31.5,49.3,63.9,21.3,28.4,46.3,33,33.3,41.1
139,17.7,15.7,14.8,37.7,20.2,30.8,20.3,43.2,33.4,36.7,58.9,81.9,24,32.4,58,39,42.6,49.9
140,16.4,14.4,13.8,36.9,19.8,28.5,18.6,38.8,30.5,33.4,52.6,70,22.2,29.8,50.3,35.1,36.5,44.2
141,17.6,15.6,14.8,37.6,20.2,30.7,20.3,43.1,33.4,36.6,58.7,81.6,23.9,32.3,57.8,38.9,42.4,49.8
142,17.6,15.6,14.8,37.6,20.2,30.6,20.2,42.9,33.2,36.5,58.4,81,23.8,32.2,57.4,38.7,42.1,49.5
143,21.3,19.3,17.9,39.6,21.4,37.5,25.6,56.6,42.3,47,78.5,122.3,29.1,40.2,83.6,51,63.4,68.3
144,,,,,,,,,,,,,,,,,,
145,14.4,12.4,12.1,35.6,19,24.7,15.8,32.1,25.9,28.1,43,52.8,19.4,25.6,38.9,29.1,27.6,35.5
146,16.6,14.6,14,37,19.9,28.8,18.9,39.5,31,33.9,53.6,71.8,22.5,30.2,51.5,35.7,37.4,45.1
147,18.8,16.8,15.8,38.3,20.6,32.9,22,47.3,36.2,39.9,64.9,93.7,25.6,34.8,65.6,42.7,48.7,55.5
148,18.9,16.9,15.9,38.4,20.7,33.1,22.2,47.8,36.5,40.3,65.6,95.1,25.7,35.1,66.5,43.1,49.4,56.1
149,17.8,15.7,14.9,37.7,20.3,30.9,20.5,43.5,33.6,37,59.4,82.8,24.1,32.6,58.6,39.3,43.1,50.4
150,12,10.2,10.1,33.9,18,20.5,12.7,24.8,20.6,22.2,32.7,36,16.1,20.9,27.5,22.5,18.9,26.3
151,18.9,16.9,15.9,38.4,20.7,33.1,22.2,47.8,36.5,40.3,65.6,95.1,25.7,35.1,66.5,43.1,49.4,56.1
152,18.2,16.2,15.3,38,20.4,31.7,21.1,45,34.7,38.2,61.6,87.1,24.7,33.5,61.4,40.6,45.3,52.4
153,20.7,18.8,17.4,39.3,21.2,36.5,24.8,54.5,40.9,45.4,75.3,115.4,28.3,38.9,79.3,49,59.8,65.2
154,17.9,15.9,15,37.8,20.3,31.1,20.6,43.9,33.9,37.3,60,84,24.3,32.8,59.4,39.6,43.7,50.9
155,21.5,19.6,18.1,39.7,21.5,37.9,25.9,57.5,42.9,47.7,79.7,125,29.4,40.6,85.3,51.7,64.8,69.5
156,23.5,21.6,19.8,40.7,22.1,41.7,28.9,65.4,47.9,53.6,91.4,151.2,32.2,45,101.3,58.7,78.2,80.5
157,23.7,21.8,19.9,40.8,22.1,42.1,29.2,66.2,48.4,54.2,92.6,153.9,32.5,45.4,103,59.4,79.6,81.7
158,24.2,22.3,20.4,41,22.2,43,29.9,68.2,49.7,55.6,95.5,160.8,33.1,46.5,107.2,61.2,83.2,84.5
159,24.2,22.3,20.4,41,22.2,43,29.9,68.2,49.7,55.6,95.5,160.8,33.1,46.5,107.2,61.2,83.2,84.5
160,25.8,23.9,21.6,41.7,22.7,45.9,32.3,74.5,53.7,60.3,104.9,183.4,35.3,49.9,120.8,66.8,94.7,93.6
161,25.2,23.3,21.1,41.4,22.5,44.7,31.3,72,52.1,58.5,101.2,174.3,34.5,48.5,115.4,64.6,90,90
162,25.2,23.3,21.1,41.4,22.5,44.7,31.3,72,52.1,58.5,101.2,174.3,34.5,48.5,115.4,64.6,90,90
163,27.5,25.7,23.1,42.4,23.1,49.1,34.8,81.6,58.1,65.6,115.6,210,37.7,53.6,136.7,73.1,108.3,104
164,29.6,28,24.9,43.3,23.6,53.2,38.3,91.2,64,72.5,130,247.5,40.8,58.5,158.7,81.6,127.4,118.3
165,27.1,25.3,22.7,42.3,23,48.4,34.3,80,57.1,64.4,113.2,203.9,37.2,52.8,133.1,71.7,105.2,101.7
166,28.8,27.1,24.1,43,23.4,51.5,36.9,87.2,61.6,69.6,124,231.7,39.5,56.5,149.5,78.1,119.4,112.4
167,17,15,14.3,37.3,20,29.6,19.5,41,32,35,55.8,75.8,23.1,31.1,54.1,37,39.5,47
168,18.3,16.3,15.4,38,20.4,31.9,21.2,45.4,34.9,38.4,62.1,88.1,24.8,33.7,62,40.9,45.8,52.9
169,19.7,17.7,16.6,38.8,20.9,34.5,23.3,50.6,38.3,42.4,69.6,103.4,26.8,36.7,71.7,45.6,53.7,59.9
170,23.6,21.7,19.8,40.7,22.1,41.8,28.9,65.5,48,53.7,91.6,151.7,32.2,45.1,101.7,58.9,78.5,80.8
171,36.1,34.9,30.3,45.7,25.1,65.5,48.6,121.1,81.9,93.9,175.6,376.6,49.9,73.2,232.5,108,193.1,164.1
172,45,44.8,37.7,48.5,26.8,82.8,63.6,166.4,107.9,125.4,245.9,603.1,62.6,94.2,356.9,148,307.9,236.8
173,16.3,14.3,13.7,36.9,19.8,28.3,18.5,38.6,30.3,33.1,52.2,69.2,22.1,29.6,49.8,34.8,36.1,43.8
174,11.2,9.3,9.4,33.3,17.6,18.9,11.6,22.2,18.8,20.1,29.2,30.7,14.9,19.2,23.7,20.2,16.1,23.2
175,11.4,9.5,9.6,33.4,17.7,19.3,11.9,22.9,19.2,20.6,30,31.9,15.2,19.6,24.6,20.8,16.8,24
176,12.5,10.6,10.5,34.3,18.2,21.3,13.3,26.2,21.6,23.3,34.7,39,16.8,21.8,29.5,23.8,20.4,28
177,11.5,9.7,9.7,33.6,17.8,19.6,12.1,23.4,19.6,21,30.7,33,15.5,19.9,25.4,21.2,17.3,24.6
178,12.4,10.5,10.4,34.2,18.2,21.1,13.2,25.9,21.4,23,34.2,38.3,16.6,21.6,29.1,23.5,20.1,27.6
179,14.5,12.5,12.2,35.7,19.1,24.9,16,32.4,26.1,28.3,43.5,53.6,19.5,25.8,39.4,29.4,28,35.9
180,12.9,11,10.9,34.6,18.4,22.1,13.9,27.5,22.6,24.4,36.5,42,17.4,22.7,31.6,24.9,22,29.7
181,13.2,11.3,11.1,34.8,18.5,22.6,14.2,28.3,23.2,25,37.7,43.8,17.7,23.2,32.9,25.7,23,30.7
182,15,13,12.6,36,19.2,25.8,16.6,34,27.2,29.5,45.7,57.4,20.2,26.8,42,30.8,30,37.9
183,14.3,12.4,12.1,35.6,19,24.7,15.8,32,25.7,27.9,42.8,52.4,19.3,25.5,38.7,28.9,27.4,35.3
184,14.3,12.3,12,35.6,19,24.6,15.7,31.8,25.6,27.8,42.6,52.1,19.3,25.4,38.4,28.8,27.2,35.1
185,13.3,11.4,11.2,34.9,18.6,22.8,14.4,28.8,23.5,25.4,38.3,44.8,17.9,23.5,33.5,26.1,23.5,31.2
186,13.9,12,11.7,35.3,18.8,23.9,15.2,30.7,24.8,26.9,41,49.3,18.8,24.7,36.5,27.8,25.8,33.6
187,14.2,12.2,11.9,35.5,18.9,24.4,15.6,31.5,25.4,27.6,42.2,51.3,19.1,25.2,37.9,28.5,26.8,34.7
188,17.7,15.7,14.9,37.7,20.2,30.8,20.4,43.3,33.5,36.8,59.1,82.2,24,32.5,58.2,39.1,42.7,50.1
189,15.8,13.8,13.3,36.5,19.6,27.3,17.7,36.7,29,31.7,49.6,64.3,21.3,28.5,46.6,33.2,33.6,41.4
190,20.2,18.2,17,39.1,21.1,35.5,24,52.5,39.6,43.9,72.4,109.2,27.5,37.8,75.4,47.3,56.7,62.5
191,19.7,17.7,16.5,38.8,20.9,34.5,23.2,50.4,38.3,42.3,69.4,103,26.8,36.6,71.5,45.4,53.5,59.7
192,19.4,17.4,16.3,38.6,20.8,34,22.8,49.5,37.6,41.6,68,100.1,26.4,36.1,69.6,44.6,52,58.4
193,24,22.1,20.1,40.9,22.2,42.5,29.5,67.2,49.1,54.9,94,157.4,32.8,45.9,105.1,60.3,81.4,83.1
194,25,23.1,21,41.4,22.5,44.4,31.1,71.2,51.6,57.9,100.1,171.8,34.2,48.2,113.8,63.9,88.7,89
195,22,20.1,18.5,40,21.6,38.8,26.6,59.4,44.1,49.1,82.5,131.1,30,41.7,89,53.4,67.9,72.1
196,,,,,,,,,,,,,,,,,,
197,24.7,22.8,20.7,41.2,22.4,43.8,30.5,69.9,50.8,56.9,98,166.8,33.7,47.4,110.8,62.7,86.2,87
198,23.4,21.5,19.7,40.7,22,41.5,28.7,64.9,47.6,53.2,90.6,149.5,32,44.7,100.3,58.3,77.4,79.9
199,26,24.2,21.9,41.8,22.7,46.4,32.7,75.6,54.4,61.1,106.6,187.5,35.7,50.5,123.3,67.8,96.8,95.3
200,,,,,,,,,,,,,,,,,,
201,20.6,18.6,17.3,39.3,21.2,36.3,24.6,54.1,40.6,45.1,74.7,114.1,28.1,38.7,78.5,48.7,59.2,64.7
202,24.4,22.5,20.5,41.1,22.3,43.2,30.1,68.7,50,56,96.3,162.6,33.3,46.8,108.3,61.6,84.1,85.3
203,19.7,17.7,16.5,38.8,20.9,34.5,23.2,50.4,38.3,42.3,69.4,103,26.8,36.6,71.5,45.4,53.5,59.7
204,26.5,24.7,22.3,42,22.9,47.3,33.4,77.7,55.7,62.7,109.7,195.2,36.4,51.6,127.9,69.6,100.7,98.3
205,26.4,24.5,22.1,42,22.8,47,33.1,76.9,55.2,62.1,108.6,192.3,36.1,51.2,126.2,69,99.3,97.2
206,31,29.5,26.1,43.9,24,55.9,40.5,97.5,67.8,77.1,139.5,273.1,42.8,61.7,173.6,87.2,140.5,127.7
207,24.4,22.5,20.5,41.1,22.3,43.3,30.2,68.8,50.1,56.1,96.5,163.2,33.4,46.9,108.7,61.8,84.4,85.5
208,26.5,24.7,22.2,42,22.8,47.2,33.3,77.5,55.5,62.5,109.4,194.5,36.3,51.5,127.4,69.5,100.4,98
209,29.5,27.9,24.8,43.3,23.6,52.9,38,90.5,63.6,72,129,244.8,40.6,58.2,157.1,81,126,117.3
210,29.5,27.9,24.8,43.3,23.6,52.9,38,90.5,63.6,72,129,244.8,40.6,58.2,157.1,81,126,117.3
211,23.3,21.4,19.6,40.6,22,41.2,28.5,64.4,47.3,52.8,89.9,147.9,31.8,44.4,99.3,57.9,76.5,79.2
212,42.1,41.5,35.3,47.6,26.3,77.1,58.7,151.2,99.3,114.9,222.1,523.1,58.4,87.3,313.5,134.5,267.4,211.9
213,29.3,27.6,24.6,43.2,23.6,52.6,37.7,89.6,63,71.4,127.6,241.2,40.3,57.7,155,80.2,124.2,115.9
214,29.1,27.4,24.4,43.1,23.5,52.2,37.4,88.7,62.5,70.8,126.3,237.7,40,57.3,153,79.4,122.4,114.6
215,21.2,19.2,17.8,39.6,21.4,37.3,25.4,56.1,42,46.6,77.7,120.5,28.9,39.8,82.5,50.5,62.5,67.5
216,22.3,20.3,18.7,40.1,21.7,39.3,27,60.4,44.7,49.8,84,134.5,30.4,42.3,91.1,54.3,69.7,73.5
217,24.4,22.5,20.5,41.1,22.3,43.4,30.2,69,50.2,56.3,96.8,163.8,33.4,46.9,109,62,84.7,85.7
218,27.4,25.6,23,42.4,23.1,49,34.8,81.4,58,65.4,115.3,209.2,37.6,53.5,136.2,72.9,107.9,103.8
219,29.3,27.7,24.6,43.2,23.6,52.6,37.8,89.8,63.2,71.6,128,242.1,40.3,57.8,155.6,80.4,124.7,116.3
220,29.4,27.8,24.7,43.3,23.6,52.8,37.9,90.3,63.4,71.9,128.6,243.9,40.5,58.1,156.6,80.8,125.6,116.9
221,31.4,29.8,26.3,44,24,56.5,41,98.9,68.7,78.1,141.7,279.1,43.2,62.4,177.1,88.4,143.6,129.9
222,33.4,32,28,44.7,24.5,60.3,44.2,108.1,74.2,84.7,155.7,318.3,46,67,199.6,96.6,163.5,143.9
223,33.1,31.7,27.8,44.7,24.4,59.9,43.8,107,73.5,83.9,154.1,313.7,45.7,66.4,196.9,95.6,161.2,142.3
224,36.6,35.5,30.8,45.9,25.2,66.6,49.5,123.8,83.4,95.8,179.7,389.1,50.7,74.5,239.6,110.4,199.5,168.3
225,35.5,34.3,29.8,45.5,24.9,64.4,47.6,118.1,80.1,91.8,171,363.1,49,71.8,224.9,105.4,186.2,159.5
226,26.4,24.5,22.1,42,22.8,47,33.1,76.9,55.2,62.1,108.6,192.3,36.1,51.2,126.2,69,99.3,97.2
227,39.3,38.5,33,46.8,25.7,71.7,54,137,91.1,105,200.1,452,54.5,80.7,274.5,122,231.4,189.1
228,,,,,,,,,,,,,,,,,,
229,,,,,,,,,,,,,,,,,,
230,,,,,,,,,,,,,,,,,,
231,,,,,,,,,,,,,,,,,,
232,,,,,,,,,,,,,,,,,,
233,,,,,,,,,,,,,,,,,,
234,,,,,,,,,,,,,,,,,,
235,32.7,31.3,27.4,44.5,24.3,59,43.1,104.9,72.3,82.4,150.9,304.7,45.1,65.4,191.8,93.8,156.6,139.1
236,27.8,26.1,23.4,42.6,23.2,49.8,35.4,83.2,59.1,66.7,118,216.2,38.2,54.4,140.3,74.6,111.5,106.4
237,32.5,31.1,27.3,44.4,24.3,58.7,42.8,104.2,71.8,81.9,149.7,301.4,44.8,65,189.9,93.1,154.9,137.9
238,34.5,33.2,29,45.2,24.7,62.5,46.1,113.6,77.4,88.6,164,342.5,47.7,69.6,213.3,101.4,175.8,152.4
239,33.6,32.3,28.2,44.8,24.6,60.8,44.6,109.4,75,85.6,157.7,324.2,46.4,67.6,202.9,97.8,166.5,146
240,30.8,29.3,25.9,43.8,23.9,55.5,40.1,96.5,67.2,76.4,138,269.1,42.5,61.2,171.3,86.3,138.5,126.3
241,33.4,32,28,44.8,24.5,60.4,44.3,108.4,74.3,84.9,156.1,319.5,46.1,67.1,200.2,96.8,164.1,144.3
242,32,30.5,26.9,44.2,24.2,57.7,42,101.9,70.5,80.2,146.2,291.6,44.1,63.9,184.3,91.1,149.9,134.4
243,30.8,29.2,25.8,43.8,23.9,55.4,40.1,96.3,67.1,76.2,137.7,268.1,42.4,61.1,170.7,86.1,138,125.9
244,26.5,24.7,22.2,42,22.8,47.2,33.3,77.5,55.5,62.5,109.4,194.5,36.3,51.5,127.4,69.5,100.4,98
245,25.6,23.7,21.5,41.6,22.6,45.5,31.9,73.6,53.1,59.7,103.6,180.1,35,49.4,118.9,66,93,92.3
246,35,33.8,29.4,45.3,24.8,63.4,46.8,115.8,78.8,90.2,167.5,352.6,48.3,70.7,219,103.4,180.9,155.9
247,31.5,30,26.4,44,24.1,56.7,41.2,99.4,69,78.4,142.4,281.2,43.4,62.7,178.3,88.9,144.6,130.6
248,33,31.6,27.7,44.6,24.4,59.5,43.5,106.2,73.1,83.4,152.9,310.3,45.5,66,195,94.9,159.4,141.1
249,29.8,28.2,25,43.4,23.7,53.5,38.5,91.9,64.4,73,131,250.2,41,58.9,160.3,82.2,128.8,119.3
250,32.7,31.3,27.4,44.5,24.3,59,43.1,104.9,72.3,82.4,150.9,304.7,45.1,65.4,191.8,93.8,156.6,139.1
251,26.4,24.6,22.2,42,22.8,47.1,33.2,77.1,55.3,62.3,108.8,193.1,36.2,51.3,126.6,69.1,99.6,97.5
252,34.2,32.9,28.7,45.1,24.7,62,45.6,112.2,76.6,87.6,161.9,336.3,47.3,68.9,209.8,100.2,172.6,150.2
253,26.8,25,22.5,42.2,22.9,47.8,33.8,78.8,56.4,63.5,111.4,199.5,36.8,52.2,130.4,70.7,102.9,100
254,31.4,29.9,26.4,44,24.1,56.6,41.1,99.1,68.8,78.3,142.1,280.2,43.3,62.5,177.7,88.7,144.1,130.3
255,33.4,32,28,44.8,24.5,60.4,44.3,108.4,74.3,84.9,156.1,319.5,46.1,67.1,200.2,96.8,164.1,144.3
256,30.7,29.2,25.8,43.8,23.9,55.3,40,96,66.9,76,137.3,267.2,42.3,61,170.2,85.9,137.5,125.5
257,31.6,30.1,26.6,44.1,24.1,57,41.4,100.1,69.4,79,143.6,284.3,43.6,63,180,89.5,146.2,131.8
258,27.7,25.9,23.2,42.5,23.2,49.5,35.2,82.6,58.7,66.3,117.1,213.8,38,54.1,138.9,74,110.2,105.5
259,32.9,31.4,27.6,44.6,24.4,59.3,43.4,105.7,72.8,83,152.1,308.1,45.3,65.8,193.7,94.5,158.3,140.3
260,28.3,26.5,23.7,42.8,23.3,50.6,36.1,85.1,60.3,68.1,120.8,223.4,38.8,55.4,144.6,76.2,115.1,109.2
261,32.3,30.8,27.1,44.3,24.3,58.3,42.5,103.1,71.2,81.1,148.1,297,44.5,64.5,187.4,92.2,152.7,136.3
262,43.1,42.7,36.2,48,26.5,79.1,60.4,156.5,102.3,118.6,230.4,550.5,59.9,89.7,328.5,139.2,281.3,220.6
263,53,53.8,44.5,50.7,28.1,98.5,77.7,210.9,132.5,155.6,316.1,856.3,74.1,113.6,491,187,435.6,311.2
264,56.4,57.7,47.3,51.6,28.7,105.1,83.8,230.4,143.2,168.7,347.2,976.5,78.9,121.9,553.4,204.2,496.2,344.8
265,43.6,43.2,36.6,48.1,26.5,80.1,61.3,159.2,103.8,120.5,234.6,564.7,60.6,91,336.2,141.6,288.5,225
266,42.6,42.1,35.7,47.8,26.4,78.1,59.5,153.8,100.8,116.7,226.2,536.6,59.2,88.5,320.9,136.9,274.2,216.2
267,16.8,14.7,14.1,37.1,19.9,29.1,19.1,40,31.3,34.3,54.3,73.1,22.7,30.5,52.3,36.1,38.1,45.7
268,17.3,15.3,14.5,37.5,20.1,30.1,19.8,41.9,32.6,35.8,57.1,78.3,23.5,31.7,55.7,37.9,40.8,48.3
269,18.9,16.9,15.9,38.4,20.6,33.1,22.1,47.7,36.4,40.2,65.4,94.7,25.7,35,66.2,43,49.2,55.9
270,22.3,20.4,18.8,40.1,21.7,39.4,27.1,60.5,44.8,50,84.2,135,30.5,42.3,91.4,54.4,69.9,73.7
271,23.9,22,20.1,40.9,22.2,42.4,29.4,66.8,48.8,54.7,93.5,156.2,32.7,45.8,104.4,60,80.8,82.6
